Size,MergeSortTime,InsertionSortTime
50,2.2e-05,2e-06
100,4.7e-05,7e-06
150,7.2e-05,1.5e-05
200,9.7e-05,2.2e-05
250,0.000123,3.7e-05
300,0.000152,5.5e-05
350,0.00018,7.6e-05
400,0.00021,9e-05
450,0.00023,0.000113
500,0.00025,0.000144
550,0.000277,0.000171
600,0.000308,0.000248
650,0.00034,0.000242
700,0.000366,0.000269
750,0.000378,0.000297
800,0.000419,0.000348
850,0.00068,0.000643
900,0.000728,0.000692
950,0.000765,0.000743
1000,0.00083,0.000873
1050,0.000852,0.000956
1100,0.000926,0.000973
1150,0.000963,0.001099
1200,0.000779,0.00084
1250,0.000747,0.001041
1300,0.000975,0.001159
1350,0.00093,0.001265
1400,0.000972,0.001374
1450,0.001335,0.001549
1500,0.000952,0.001406
1550,0.000968,0.001541
1600,0.001005,0.001576
1650,0.000987,0.001654
1700,0.001035,0.001675
1750,0.001058,0.001814
1800,0.001019,0.001818
1850,0.001109,0.002021
1900,0.001067,0.002105
1950,0.001252,0.002313
2000,0.001209,0.002459
2050,0.001219,0.002497
2100,0.001395,0.002486
2150,0.001201,0.00253
2200,0.001244,0.002623
2250,0.001252,0.002756
2300,0.001268,0.002846
2350,0.001257,0.002885
2400,0.001478,0.003226
2450,0.001296,0.003077
2500,0.001338,0.003206
2550,0.001439,0.003359
2600,0.001397,0.003557
2650,0.001399,0.003857
2700,0.001484,0.003734
2750,0.001511,0.003847
2800,0.001572,0.003968
2850,0.001545,0.004171
2900,0.001656,0.004406
2950,0.001577,0.004494
3000,0.001633,0.004918
3050,0.001633,0.004988
3100,0.001929,0.005354
3150,0.00169,0.005244
3200,0.002242,0.00546
3250,0.001818,0.005987
3300,0.00186,0.005745
3350,0.001859,0.006277
3400,0.00187,0.006292
3450,0.002171,0.006385
3500,0.001914,0.00681
3550,0.001916,0.006671
3600,0.001999,0.006696
3650,0.00202,0.007012
3700,0.002054,0.007229
3750,0.002033,0.007211
3800,0.002226,0.007473
3850,0.002085,0.007878
3900,0.002101,0.007958
3950,0.00213,0.00813
4000,0.002452,0.008219
4050,0.002277,0.008451
4100,0.002212,0.008686
4150,0.002276,0.00901
4200,0.002288,0.009264
4250,0.002372,0.00948
4300,0.002352,0.00962
4350,0.002382,0.009864
4400,0.002545,0.010265
4450,0.00247,0.010193
4500,0.002536,0.010586
4550,0.002644,0.011422
4600,0.002678,0.011381
4650,0.002575,0.011751
4700,0.002859,0.012402
4750,0.002793,0.012761
4800,0.00271,0.012716
4850,0.00302,0.012954
4900,0.002901,0.013498
4950,0.002958,0.014263
5000,0.002943,0.014026
5050,0.003215,0.01434
5100,0.003076,0.014824
5150,0.003291,0.015087
5200,0.003032,0.01509
5250,0.003074,0.015626
5300,0.003141,0.014975
5350,0.003093,0.015416
5400,0.003298,0.014964
5450,0.003013,0.015426
5500,0.003173,0.015787
5550,0.003081,0.015595
5600,0.003128,0.016539
5650,0.003129,0.016486
5700,0.003182,0.0173
5750,0.003357,0.016907
5800,0.003326,0.017965
5850,0.003299,0.017948
5900,0.003374,0.01844
5950,0.003354,0.01879
6000,0.003478,0.019404
6050,0.003431,0.020108
6100,0.003833,0.019582
6150,0.003633,0.019982
6200,0.003551,0.020841
6250,0.003631,0.021015
6300,0.003598,0.02112
6350,0.003596,0.021574
6400,0.003771,0.022361
6450,0.003696,0.022859
6500,0.003874,0.023455
6550,0.0038,0.023282
6600,0.004019,0.026261
6650,0.011161,0.026355
6700,0.003979,0.025287
6750,0.004323,0.023881
6800,0.003829,0.024304
6850,0.003873,0.024492
6900,0.00389,0.024769
6950,0.003911,0.024957
7000,0.004014,0.025596
7050,0.003984,0.026058
7100,0.004114,0.0275
7150,0.00421,0.026687
7200,0.004181,0.027937
7250,0.004251,0.028612
7300,0.004145,0.027592
7350,0.00429,0.028583
7400,0.004221,0.028914
7450,0.004257,0.030053
7500,0.004403,0.030163
7550,0.004653,0.03059
7600,0.00452,0.031333
7650,0.004607,0.031099
7700,0.004529,0.031509
7750,0.004638,0.031332
7800,0.004451,0.032369
7850,0.004495,0.032055
7900,0.004534,0.032342
7950,0.004565,0.032562
8000,0.004531,0.032899
8050,0.004714,0.033757
8100,0.004758,0.034246
8150,0.004602,0.034258
8200,0.004621,0.035692
8250,0.004648,0.035367
8300,0.004871,0.035091
8350,0.004932,0.035979
8400,0.00484,0.036494
8450,0.004951,0.03673
8500,0.004889,0.038213
8550,0.004945,0.0394
8600,0.005213,0.039739
8650,0.005259,0.041672
8700,0.005347,0.040345
8750,0.005127,0.040686
8800,0.005484,0.040557
8850,0.005104,0.040864
8900,0.005247,0.040918
8950,0.005138,0.041072
9000,0.005261,0.041476
9050,0.005305,0.041964
9100,0.005343,0.042234
9150,0.005243,0.042739
9200,0.005528,0.043755
9250,0.005573,0.04425
9300,0.005671,0.044551
9350,0.005684,0.045161
9400,0.005416,0.045885
9450,0.005418,0.045766
9500,0.005465,0.046813
9550,0.005508,0.047323
9600,0.005689,0.047254
9650,0.005556,0.048151
9700,0.005655,0.048379
9750,0.005621,0.048937
9800,0.005648,0.04941
9850,0.005884,0.050345
9900,0.005841,0.04975
9950,0.005735,0.050889
10000,0.005794,0.051508
10050,0.005826,0.05131
10100,0.005825,0.052476
10150,0.006186,0.052791
10200,0.005895,0.052881
10250,0.006181,0.053597
10300,0.00596,0.054505
10350,0.006138,0.055775
10400,0.006009,0.055448
10450,0.006199,0.056014
10500,0.006111,0.056685
10550,0.006269,0.05735
10600,0.006371,0.057231
10650,0.00651,0.058643
10700,0.006396,0.058821
10750,0.006274,0.059653
10800,0.006274,0.060196
10850,0.006404,0.061117
10900,0.006416,0.060901
10950,0.006734,0.060845
11000,0.006692,0.061762
11050,0.006641,0.062999
11100,0.006592,0.062901
11150,0.006569,0.0636
11200,0.007172,0.065627
11250,0.006629,0.064641
11300,0.006653,0.065805
11350,0.006661,0.065331
11400,0.006778,0.066987
11450,0.006814,0.067167
11500,0.006844,0.067796
11550,0.007009,0.067643
11600,0.006824,0.068199
11650,0.006916,0.069346
11700,0.006998,0.069455
11750,0.006981,0.071968
11800,0.007109,0.071237
11850,0.00716,0.072447
11900,0.007028,0.072774
11950,0.007178,0.07257
12000,0.007204,0.072788
12050,0.007144,0.073977
12100,0.007121,0.074996
12150,0.007207,0.075182
12200,0.007206,0.075805
12250,0.007351,0.076686
12300,0.007388,0.078632
12350,0.007438,0.078268
12400,0.007495,0.079462
12450,0.007365,0.078329
12500,0.007418,0.079814
12550,0.007459,0.080997
12600,0.007481,0.081589
12650,0.007481,0.082265
12700,0.007611,0.081503
12750,0.00756,0.083073
12800,0.007806,0.084893
12850,0.007785,0.085364
12900,0.007701,0.086342
12950,0.00768,0.086678
13000,0.007838,0.087119
13050,0.007737,0.087045
13100,0.007859,0.088386
13150,0.007892,0.088872
13200,0.007915,0.089024
13250,0.007968,0.090601
13300,0.007946,0.089134
13350,0.007991,0.090757
13400,0.007983,0.09151
13450,0.008031,0.093026
13500,0.008165,0.094328
13550,0.008255,0.093385
13600,0.008326,0.093886
13650,0.008147,0.095571
13700,0.008169,0.097008
13750,0.008295,0.09658
13800,0.008297,0.09758
13850,0.008352,0.098685
13900,0.008336,0.100024
13950,0.008312,0.100064
14000,0.008377,0.100483
14050,0.008438,0.101153
14100,0.008461,0.100632
14150,0.00862,0.102275
14200,0.008594,0.103125
14250,0.008533,0.105174
14300,0.008604,0.103861
14350,0.008696,0.105093
14400,0.008587,0.106672
14450,0.008842,0.106889
14500,0.008847,0.107798
14550,0.008804,0.107979
14600,0.008726,0.109476
14650,0.008691,0.109782
14700,0.008933,0.119169
14750,0.009124,0.112118
14800,0.00893,0.111642
14850,0.008899,0.112256
14900,0.008935,0.114698
14950,0.009189,0.114066
15000,0.009051,0.114805
15050,0.009005,0.114803
15100,0.009144,0.117066
15150,0.009131,0.115945
15200,0.00921,0.117771
15250,0.009194,0.11891
15300,0.009459,0.120009
15350,0.009493,0.121292
15400,0.009384,0.121789
15450,0.009247,0.122142
15500,0.009422,0.12301
15550,0.009315,0.122342
15600,0.009355,0.124693
15650,0.009535,0.126584
15700,0.009464,0.124942
15750,0.009454,0.127196
15800,0.009382,0.126638
15850,0.009703,0.128861
15900,0.009541,0.129287
15950,0.00968,0.130092
16000,0.009448,0.131214
16050,0.00961,0.133048
16100,0.009747,0.13329
16150,0.009667,0.134339
16200,0.009665,0.133785
16250,0.009742,0.13489
16300,0.009794,0.139133
16350,0.010235,0.13647
16400,0.010048,0.137105
16450,0.010098,0.139439
16500,0.009855,0.139173
16550,0.009997,0.139203
16600,0.010047,0.14174
16650,0.010057,0.143354
16700,0.010376,0.143014
16750,0.010396,0.144925
16800,0.010132,0.143857
16850,0.010334,0.144519
16900,0.010152,0.143968
16950,0.010331,0.147264
17000,0.010502,0.148773
17050,0.010372,0.149407
17100,0.010365,0.151445
17150,0.010427,0.149487
17200,0.010408,0.151764
17250,0.01052,0.151077
17300,0.010691,0.153758
17350,0.010449,0.154544
17400,0.010787,0.154322
17450,0.010731,0.156835
17500,0.010648,0.156944
17550,0.01088,0.158205
17600,0.010943,0.156986
17650,0.010813,0.15929
17700,0.010855,0.160115
17750,0.011078,0.161736
17800,0.010882,0.162423
17850,0.010895,0.168648
17900,0.011176,0.161786
17950,0.011129,0.16541
18000,0.010938,0.165811
18050,0.010984,0.166066
18100,0.011198,0.167403
18150,0.011114,0.168915
18200,0.011219,0.16945
18250,0.011092,0.169007
18300,0.011199,0.172712
18350,0.011448,0.172628
18400,0.011337,0.171637
18450,0.011315,0.175076
18500,0.011474,0.17558
18550,0.011427,0.177028
18600,0.011332,0.176291
18650,0.011355,0.177822
18700,0.011691,0.177035
18750,0.01157,0.179336
18800,0.011545,0.179001
18850,0.011703,0.184956
18900,0.011727,0.185687
18950,0.011721,0.185784
19000,0.011631,0.185608
19050,0.011745,0.186455
19100,0.011795,0.187573
19150,0.011867,0.188706
19200,0.011655,0.188511
19250,0.01185,0.192497
19300,0.01184,0.191137
19350,0.011779,0.188796
19400,0.012005,0.191092
19450,0.011901,0.19297
19500,0.011887,0.194376
19550,0.011905,0.194636
19600,0.011906,0.196734
19650,0.012135,0.196306
19700,0.012066,0.197908
19750,0.012088,0.199469
19800,0.012223,0.200744
19850,0.012188,0.200363
19900,0.012039,0.202633
19950,0.01239,0.203522
20000,0.012108,0.206685
20050,0.012312,0.207413
20100,0.012331,0.210612
20150,0.012254,0.211956
20200,0.012301,0.207943
20250,0.012248,0.208151
20300,0.012664,0.210834
20350,0.012352,0.210309
20400,0.012396,0.21274
20450,0.012634,0.213012
20500,0.012556,0.215312
20550,0.012731,0.218806
20600,0.012486,0.21602
20650,0.012585,0.217125
20700,0.012579,0.220251
20750,0.012696,0.220834
20800,0.012777,0.221929
20850,0.012789,0.221411
20900,0.012982,0.223876
20950,0.012896,0.227444
21000,0.012901,0.227668
21050,0.013329,0.225878
21100,0.012837,0.22814
21150,0.013188,0.230737
21200,0.012861,0.231707
21250,0.012947,0.231757
21300,0.013048,0.231451
21350,0.013157,0.233162
21400,0.013023,0.233388
21450,0.013313,0.235336
21500,0.013044,0.236024
21550,0.013182,0.23796
21600,0.013245,0.240159
21650,0.013109,0.241194
21700,0.013488,0.239926
21750,0.01351,0.241504
21800,0.013852,0.243922
21850,0.013443,0.244642
21900,0.013563,0.247251
21950,0.013715,0.247116
22000,0.013518,0.247078
22050,0.013593,0.250081
22100,0.035372,0.24793
22150,0.013636,0.249628
22200,0.014324,0.252727
22250,0.013797,0.253725
22300,0.013604,0.255538
22350,0.013636,0.257084
22400,0.013796,0.255312
22450,0.014023,0.25589
22500,0.013806,0.259866
22550,0.013932,0.259192
22600,0.014,0.264517
22650,0.013974,0.264357
22700,0.014002,0.267289
22750,0.01416,0.262094
22800,0.014222,0.265043
22850,0.01398,0.268218
22900,0.014205,0.266817
22950,0.014211,0.267316
23000,0.014142,0.268574
23050,0.014784,0.271529
23100,0.014719,0.2741
23150,0.014343,0.274437
23200,0.014394,0.273992
23250,0.014987,0.278162
23300,0.014422,0.279112
23350,0.014315,0.278706
23400,0.014356,0.279061
23450,0.014392,0.282274
23500,0.014511,0.282712
23550,0.014634,0.284446
23600,0.014593,0.283773
23650,0.014693,0.287309
23700,0.014653,0.288297
23750,0.014637,0.28899
23800,0.014355,0.289883
23850,0.014612,0.290647
23900,0.015237,0.292919
23950,0.014728,0.294165
24000,0.014655,0.293587
24050,0.01486,0.297654
24100,0.015064,0.296705
24150,0.014823,0.299315
24200,0.014801,0.298631
24250,0.015049,0.301621
24300,0.014827,0.300874
24350,0.01494,0.303911
24400,0.014906,0.304678
24450,0.014954,0.304196
24500,0.015185,0.309778
24550,0.015454,0.306837
24600,0.015044,0.309524
24650,0.015287,0.310514
24700,0.015096,0.313764
24750,0.015439,0.315016
24800,0.015312,0.313949
24850,0.015171,0.316571
24900,0.015403,0.316679
24950,0.015316,0.318666
25000,0.015311,0.318515
25050,0.015311,0.321258
25100,0.015415,0.322651
25150,0.015674,0.327382
25200,0.015673,0.325629
25250,0.015598,0.325565
25300,0.015599,0.327441
25350,0.015801,0.327578
25400,0.015649,0.329289
25450,0.015582,0.34181
25500,0.015839,0.333247
25550,0.015962,0.333846
25600,0.015719,0.334368
25650,0.016382,0.334903
25700,0.015882,0.33793
25750,0.015919,0.338103
25800,0.016483,0.341761
25850,0.016097,0.344001
25900,0.01602,0.346092
25950,0.016135,0.345672
26000,0.016143,0.345747
26050,0.016239,0.348213
26100,0.016153,0.348745
26150,0.015938,0.349208
26200,0.016571,0.352316
26250,0.01659,0.352927
26300,0.0165,0.353364
26350,0.016197,0.353901
26400,0.016274,0.358354
26450,0.016436,0.359432
26500,0.01646,0.360945
26550,0.016332,0.361612
26600,0.016732,0.36414
26650,0.016282,0.36319
26700,0.016735,0.368414
26750,0.016558,0.36587
26800,0.016644,0.368641
26850,0.016693,0.368048
26900,0.01667,0.373749
26950,0.016693,0.372801
27000,0.017238,0.380541
27050,0.01684,0.374854
27100,0.016843,0.373666
27150,0.016886,0.377196
27200,0.016823,0.37718
27250,0.016833,0.379297
27300,0.01703,0.381323
27350,0.016906,0.381166
27400,0.017185,0.385495
27450,0.017505,0.383956
27500,0.017421,0.385142
27550,0.017276,0.388696
27600,0.017368,0.39203
27650,0.017117,0.388714
27700,0.017158,0.391295
27750,0.01728,0.394821
27800,0.017244,0.392576
27850,0.017207,0.398785
27900,0.017388,0.396123
27950,0.017382,0.397135
28000,0.017737,0.400711
28050,0.017615,0.402476
28100,0.017395,0.401798
28150,0.017754,0.405595
28200,0.017941,0.406164
28250,0.017361,0.408952
28300,0.017501,0.405751
28350,0.017592,0.414496
28400,0.017576,0.415241
28450,0.017669,0.414646
28500,0.01788,0.415649
28550,0.018251,0.417631
28600,0.017918,0.4186
28650,0.017747,0.419907
28700,0.01789,0.422086
28750,0.01806,0.424046
28800,0.017965,0.427991
28850,0.018003,0.426521
28900,0.01792,0.430059
28950,0.018222,0.431266
29000,0.018159,0.42972
29050,0.017917,0.433063
29100,0.01806,0.429882
29150,0.018166,0.43144
29200,0.019076,0.43645
29250,0.018222,0.437572
29300,0.01836,0.44103
29350,0.018456,0.44283
29400,0.018345,0.442573
29450,0.018486,0.444817
29500,0.018978,0.448476
29550,0.018413,0.444264
29600,0.018388,0.448055
29650,0.01858,0.451286
29700,0.018737,0.448397
29750,0.018584,0.453493
29800,0.018545,0.453162
29850,0.018666,0.458065
29900,0.018634,0.456633
29950,0.018613,0.463884
30000,0.018671,0.459446
30050,0.019023,0.461203
30100,0.01871,0.465235
30150,0.018824,0.466591
30200,0.018917,0.471121
30250,0.018792,0.46823
30300,0.019231,0.466288
30350,0.018993,0.47252
30400,0.01893,0.471734
30450,0.019044,0.472383
30500,0.019142,0.474598
30550,0.019364,0.485015
30600,0.019626,0.477193
30650,0.019155,0.482847
30700,0.019583,0.489134
30750,0.019158,0.487302
30800,0.019152,0.485745
30850,0.019536,0.483564
30900,0.019354,0.488641
30950,0.019597,0.490916
31000,0.01944,0.495955
31050,0.019546,0.492977
31100,0.019657,0.496596
31150,0.019478,0.498066
31200,0.01987,0.501901
31250,0.019431,0.500196
31300,0.01946,0.502894
31350,0.019543,0.506487
31400,0.01939,0.506726
31450,0.019761,0.506351
31500,0.019753,0.508246
31550,0.020236,0.51213
31600,0.019775,0.517012
31650,0.01991,0.519311
31700,0.019891,0.512702
31750,0.020166,0.523117
31800,0.020012,0.51598
31850,0.020063,0.521791
31900,0.019914,0.519822
31950,0.020158,0.52326
32000,0.020423,0.522508
32050,0.019768,0.528225
32100,0.020638,0.531045
32150,0.020493,0.534538
32200,0.020239,0.535352
32250,0.020248,0.537004
32300,0.020661,0.547021
32350,0.020346,0.537774
32400,0.020128,0.535704
32450,0.020096,0.5383
32500,0.020402,0.543295
32550,0.020532,0.54867
32600,0.020431,0.544946
32650,0.020283,0.550026
32700,0.020758,0.548051
32750,0.020414,0.577838
32800,0.020372,0.553835
32850,0.020691,0.558606
32900,0.021206,0.553923
32950,0.020535,0.559384
33000,0.020978,0.559679
33050,0.021563,0.560111
33100,0.020596,0.561193
33150,0.020793,0.575
33200,0.020908,0.572856
33250,0.021024,0.569181
33300,0.021032,0.570673
33350,0.021165,0.578038
33400,0.020944,0.571872
33450,0.021623,0.573745
33500,0.021043,0.577333
33550,0.021181,0.578661
33600,0.021391,0.581447
33650,0.021291,0.577116
33700,0.020885,0.58271
33750,0.02145,0.587655
33800,0.02177,0.583607
33850,0.021324,0.59232
33900,0.021863,0.594375
33950,0.021416,0.592433
34000,0.021447,0.601221
34050,0.02192,0.597627
34100,0.021295,0.597272
34150,0.021703,0.602514
34200,0.021792,0.605168
34250,0.021615,0.609334
34300,0.02184,0.603131
34350,0.021783,0.60578
34400,0.021601,0.608292
34450,0.02222,0.612534
34500,0.021504,0.614457
34550,0.022059,0.616248
34600,0.021848,0.620507
34650,0.021765,0.61887
34700,0.021923,0.614498
34750,0.022022,0.618916
34800,0.021837,0.619302
34850,0.021963,0.623747
34900,0.022042,0.629588
34950,0.022302,0.627928
35000,0.022384,0.63136
35050,0.021949,0.627192
35100,0.022164,0.631091
35150,0.022518,0.63655
35200,0.022333,0.638236
35250,0.022091,0.643851
35300,0.022311,0.642332
35350,0.022457,0.636554
35400,0.022266,0.645297
35450,0.022374,0.649584
35500,0.022561,0.649696
35550,0.022576,0.65116
35600,0.022372,0.654578
35650,0.023122,0.649736
35700,0.022524,0.658522
35750,0.022498,0.657931
35800,0.022789,0.662197
35850,0.022652,0.659797
35900,0.023255,0.666447
35950,0.022849,0.660268
36000,0.023385,0.670462
36050,0.022894,0.673183
36100,0.022849,0.674426
36150,0.023042,0.671416
36200,0.023232,0.669515
36250,0.022813,0.674267
36300,0.023447,0.679074
36350,0.023154,0.678919
36400,0.02306,0.678221
36450,0.022878,0.681793
36500,0.023063,0.690016
36550,0.023425,0.68879
36600,0.023152,0.691967
36650,0.023254,0.689795
36700,0.023799,0.687528
36750,0.023638,0.689318
36800,0.023144,0.697091
36850,0.023795,0.693577
36900,0.023252,0.695907
36950,0.023329,0.712218
37000,0.02342,0.708623
37050,0.0234,0.711781
37100,0.023554,0.707265
37150,0.023396,0.706857
37200,0.023968,0.716302
37250,0.024038,0.718127
37300,0.024117,0.717389
37350,0.023598,0.719486
37400,0.024147,0.72321
37450,0.024387,0.722911
37500,0.023582,0.724003
37550,0.023918,0.725656
37600,0.023842,0.722247
37650,0.024654,0.739461
37700,0.024055,0.731402
37750,0.024021,0.737729
37800,0.024292,0.725982
37850,0.024281,0.737498
37900,0.023909,0.738857
37950,0.024158,0.74251
38000,0.0242,0.743494
38050,0.024047,0.746116
38100,0.024951,0.747091
38150,0.024171,0.751137
38200,0.024009,0.74963
38250,0.025124,0.753114
38300,0.024629,0.757629
38350,0.025144,0.764161
38400,0.024945,0.76242
38450,0.024782,0.760325
38500,0.024988,0.761086
38550,0.024549,0.762187
38600,0.024653,0.769027
38650,0.024489,0.768352
38700,0.024605,0.773165
38750,0.025359,0.771367
38800,0.024407,0.783529
38850,0.024695,0.775945
38900,0.025164,0.775412
38950,0.025361,0.800142
39000,0.024777,0.782327
39050,0.024949,0.786834
39100,0.025204,0.789934
39150,0.025471,0.794283
39200,0.024736,0.791717
39250,0.02527,0.789168
39300,0.024939,0.799128
39350,0.025279,0.79618
39400,0.024977,0.803634
39450,0.025828,0.803625
39500,0.025661,0.7987
39550,0.025822,0.807907
39600,0.025463,0.808245
39650,0.025726,0.811031
39700,0.025047,0.812888
39750,0.02641,0.815777
39800,0.025231,0.813801
39850,0.025214,0.82047
39900,0.025428,0.816023
39950,0.025739,0.820385
40000,0.025485,0.817967
40050,0.025452,0.824834
40100,0.025341,0.830151
40150,0.025582,0.825768
40200,0.025492,0.834961
40250,0.025553,0.842723
40300,0.025665,0.840082
40350,0.025673,0.857314
40400,0.028254,0.835703
40450,0.025661,0.844297
40500,0.025823,0.838961
40550,0.025618,0.842232
40600,0.026122,0.851321
40650,0.025815,0.849131
40700,0.025756,0.860871
40750,0.026012,0.865747
40800,0.025775,0.860775
40850,0.025739,0.856445
40900,0.025915,0.861485
40950,0.026199,0.859534
41000,0.026163,0.864307
41050,0.02595,0.864701
41100,0.025947,0.870216
41150,0.026154,0.871752
41200,0.026276,0.872892
41250,0.026805,0.886655
41300,0.026187,0.883759
41350,0.026862,0.879748
41400,0.026239,0.877658
41450,0.026797,0.882522
41500,0.026992,0.887425
41550,0.027276,0.89273
41600,0.026551,0.886254
41650,0.026452,0.893408
41700,0.026423,0.894495
41750,0.026531,0.898295
41800,0.026788,0.905867
41850,0.026533,0.905982
41900,0.026657,0.901132
41950,0.027098,0.905735
42000,0.0277,0.902884
42050,0.026583,0.907913
42100,0.026765,0.911862
42150,0.027187,0.918211
42200,0.026817,0.912354
42250,0.027404,0.925076
42300,0.027009,0.922395
42350,0.027432,0.924082
42400,0.026952,0.931116
42450,0.026855,0.930601
42500,0.027036,0.93488
42550,0.027312,0.929058
42600,0.027086,0.932969
42650,0.027153,0.93434
42700,0.026964,0.936615
42750,0.027466,0.939205
42800,0.02742,0.941695
42850,0.027678,0.951249
42900,0.027934,0.950881
42950,0.027598,0.946956
43000,0.02785,0.951832
43050,0.02766,0.953327
43100,0.027499,0.956915
43150,0.027772,0.961315
43200,0.028205,0.96516
43250,0.027467,0.963077
43300,0.027573,0.962916
43350,0.027664,0.968032
43400,0.028201,0.979841
43450,0.027784,0.976098
43500,0.027966,0.979916
43550,0.027756,0.978081
43600,0.028243,0.976722
43650,0.027803,0.978528
43700,0.02782,0.980794
43750,0.028385,0.979041
43800,0.027937,0.989474
43850,0.02817,0.995543
43900,0.028411,0.990898
43950,0.028367,0.997308
44000,0.028065,1.00538
44050,0.028202,0.996806
44100,0.027939,1.00012
44150,0.028179,1.00084
44200,0.028104,1.00692
44250,0.029022,1.00913
44300,0.028542,1.01982
44350,0.028738,1.01882
44400,0.028709,1.01966
44450,0.028972,1.01488
44500,0.028499,1.02042
44550,0.028407,1.02185
44600,0.029292,1.03268
44650,0.028618,1.03109
44700,0.028616,1.03444
44750,0.028623,1.03853
44800,0.029209,1.03236
44850,0.028464,1.03644
44900,0.029494,1.04082
44950,0.028555,1.0429
45000,0.028987,1.0496
45050,0.028891,1.04539
45100,0.028761,1.05168
45150,0.028809,1.05306
45200,0.029563,1.05466
45250,0.029382,1.05536
45300,0.02952,1.05635
45350,0.029198,1.06559
45400,0.029444,1.06696
45450,0.029099,1.06692
45500,0.02888,1.0792
45550,0.029326,1.06396
45600,0.029105,1.07245
45650,0.029586,1.07665
45700,0.0293,1.08158
45750,0.028971,1.08128
45800,0.029163,1.08138
45850,0.029179,1.08156
45900,0.029582,1.09102
45950,0.02918,1.09393
46000,0.029519,1.09171
46050,0.029315,1.09535
46100,0.02955,1.09461
46150,0.029973,1.09736
46200,0.029307,1.10409
46250,0.030186,1.10734
46300,0.030215,1.10724
46350,0.029676,1.10516
46400,0.029473,1.11663
46450,0.030023,1.11649
46500,0.030009,1.12904
46550,0.030939,1.11493
46600,0.030079,1.1298
46650,0.030271,1.1235
46700,0.030674,1.12496
46750,0.049823,1.13004
46800,0.030098,1.14071
46850,0.029808,1.13121
46900,0.029848,1.14175
46950,0.030403,1.14146
47000,0.029956,1.15324
47050,0.030721,1.14184
47100,0.030075,1.14748
47150,0.030379,1.14521
47200,0.03034,1.14275
47250,0.029895,1.14294
47300,0.030437,1.14057
47350,0.031005,1.15241
47400,0.030101,1.15831
47450,0.030521,1.15807
47500,0.030695,1.15705
47550,0.030098,1.16798
47600,0.031332,1.17032
47650,0.030162,1.17328
47700,0.030714,1.17133
47750,0.030491,1.18405
47800,0.031048,1.18246
47850,0.030833,1.18394
47900,0.030404,1.18282
47950,0.030737,1.17752
48000,0.030693,1.18663
48050,0.030848,1.18707
48100,0.031104,1.1914
48150,0.030611,1.1993
48200,0.030848,1.20064
48250,0.030874,1.20836
48300,0.030859,1.21173
48350,0.031056,1.20756
48400,0.031262,1.21052
48450,0.0307,1.21358
48500,0.030801,1.21762
48550,0.031094,1.22423
48600,0.031293,1.22264
48650,0.031317,1.22409
48700,0.031392,1.22813
48750,0.031239,1.21629
48800,0.031085,1.22298
48850,0.031567,1.22636
48900,0.030945,1.23126
48950,0.031273,1.23705
49000,0.031422,1.23356
49050,0.031309,1.238
49100,0.031046,1.24703
49150,0.031696,1.24206
49200,0.03135,1.24882
49250,0.031633,1.26563
49300,0.032099,1.25261
49350,0.031321,1.25828
49400,0.032336,1.26922
49450,0.031718,1.27157
49500,0.032035,1.26171
49550,0.031837,1.26818
49600,0.032308,1.27093
49650,0.031682,1.27158
49700,0.031566,1.27383
49750,0.032582,1.27343
49800,0.032285,1.27991
49850,0.031843,1.28375
49900,0.032557,1.27659
49950,0.032319,1.2943
50000,0.032873,1.28513
50050,0.031771,1.29713
50100,0.032014,1.29722
50150,0.031805,1.29457
50200,0.032117,1.30809
50250,0.032095,1.29664
50300,0.032408,1.30703
50350,0.032188,1.30422
50400,0.032915,1.31348
50450,0.032526,1.31711
50500,0.032849,1.31431
50550,0.032567,1.31715
50600,0.032952,1.32161
50650,0.032929,1.32069
50700,0.032898,1.33384
50750,0.032542,1.33536
50800,0.032511,1.3337
50850,0.032938,1.38718
50900,0.033068,1.34014
50950,0.033259,1.34312
51000,0.032952,1.33972
51050,0.032515,1.34294
51100,0.032674,1.35
51150,0.032861,1.34986
51200,0.033458,1.35385
51250,0.033189,1.35693
51300,0.032907,1.36123
51350,0.033061,1.36228
51400,0.032734,1.35776
51450,0.032729,1.36651
51500,0.033554,1.36447
51550,0.033154,1.37867
51600,0.033454,1.37495
51650,0.033442,1.38231
51700,0.03382,1.37543
51750,0.033436,1.38474
51800,0.03317,1.38556
51850,0.033431,1.39101
51900,0.03352,1.39304
51950,0.033901,1.39113
52000,0.034057,1.39705
52050,0.033526,1.40289
52100,0.034024,1.40715
52150,0.033528,1.41301
52200,0.033784,1.40309
52250,0.033404,1.40282
52300,0.033548,1.41535
52350,0.033763,1.41467
52400,0.033849,1.44373
52450,0.033499,1.41853
52500,0.033567,1.42286
52550,0.034465,1.42854
52600,0.033768,1.42638
52650,0.033795,1.42942
52700,0.034195,1.42651
52750,0.033736,1.43462
52800,0.033994,1.43877
52850,0.034835,1.43996
52900,0.034338,1.44614
52950,0.034457,1.44853
53000,0.034083,1.44792
53050,0.034211,1.45565
53100,0.034678,1.45447
53150,0.03513,1.46317
53200,0.034874,1.46662
53250,0.034131,1.45003
53300,0.034174,1.46955
53350,0.03468,1.47069
53400,0.034483,1.46963
53450,0.034164,1.4727
53500,0.034927,1.47349
53550,0.034192,1.48372
53600,0.035216,1.49044
53650,0.034579,1.48605
53700,0.034944,1.50215
53750,0.035284,1.48318
53800,0.035362,1.48448
53850,0.03516,1.49325
53900,0.035061,1.50685
53950,0.035098,1.50149
54000,0.035194,1.50938
54050,0.035253,1.50712
54100,0.03507,1.51015
54150,0.034666,1.51529
54200,0.035338,1.50602
54250,0.035159,1.51727
54300,0.035491,1.51876
54350,0.035171,1.52315
54400,0.035009,1.53143
54450,0.035804,1.53015
54500,0.036049,1.53758
54550,0.03499,1.53628
54600,0.035836,1.54377
54650,0.035171,1.55124
54700,0.035132,1.54605
54750,0.035745,1.5464
54800,0.035488,1.54435
54850,0.03525,1.5573
54900,0.03578,1.55187
54950,0.035603,1.55488
55000,0.035773,1.56835
55050,0.035347,1.57074
55100,0.036139,1.56228
55150,0.035955,1.57296
55200,0.035834,1.56388
55250,0.036165,1.57109
55300,0.035715,1.56858
55350,0.035679,1.58316
55400,0.035638,1.58919
55450,0.035552,1.5889
55500,0.036405,1.5986
55550,0.036298,1.58765
55600,0.035867,1.60766
55650,0.036001,1.6005
55700,0.036216,1.60809
55750,0.03564,1.60001
55800,0.036417,1.60598
55850,0.036753,1.61783
55900,0.036151,1.60542
55950,0.036239,1.61777
56000,0.03661,1.6143
56050,0.036461,1.61705
56100,0.036834,1.62498
56150,0.036567,1.63325
56200,0.036163,1.63691
56250,0.036702,1.63848
56300,0.036226,1.63867
56350,0.036362,1.64305
56400,0.036709,1.64083
56450,0.036316,1.64663
56500,0.036659,1.64922
56550,0.036982,1.65741
56600,0.036451,1.65009
56650,0.037108,1.64235
56700,0.03629,1.66594
56750,0.036951,1.66779
56800,0.036515,1.65817
56850,0.03676,1.6692
56900,0.037311,1.67628
56950,0.03675,1.68617
57000,0.037084,1.68239
57050,0.037048,1.68747
57100,0.036771,1.68521
57150,0.037028,1.688
57200,0.037146,1.68158
57250,0.036629,1.69756
57300,0.036884,1.70363
57350,0.037981,1.71724
57400,0.037787,1.70459
57450,0.037589,1.69882
57500,0.03684,1.7139
57550,0.036929,1.71727
57600,0.037461,1.71055
57650,0.037766,1.71496
57700,0.037405,1.71807
57750,0.037662,1.72821
57800,0.037164,1.72161
57850,0.037807,1.73239
57900,0.037207,1.74409
57950,0.03762,1.7374
58000,0.037427,1.74386
58050,0.037958,1.74013
58100,0.037454,1.7383
58150,0.037438,1.74062
58200,0.037766,1.74683
58250,0.038394,1.75167
58300,0.037883,1.75441
58350,0.037966,1.76023
58400,0.037798,1.75824
58450,0.038737,1.76786
58500,0.037667,1.77853
58550,0.038208,1.77352
58600,0.038775,1.76875
58650,0.037671,1.77922
58700,0.038482,1.77744
58750,0.037699,1.78042
58800,0.038293,1.78302
58850,0.038174,1.78451
58900,0.038626,1.7909
58950,0.037784,1.801
59000,0.038366,1.79438
59050,0.038543,1.83103
59100,0.038234,1.80737
59150,0.038714,1.808
59200,0.038762,1.79986
59250,0.038354,1.80942
59300,0.038713,1.8154
59350,0.038631,1.8194
59400,0.03872,1.82297
59450,0.038782,1.82641
59500,0.038142,1.82684
59550,0.038913,1.83136
59600,0.038491,1.82412
59650,0.038446,1.83054
59700,0.038842,1.84836
59750,0.039141,1.84444
59800,0.038426,1.85911
59850,0.038793,1.8565
59900,0.03958,1.85695
59950,0.038558,1.85029
60000,0.039046,1.85091
60050,0.038911,1.8619
60100,0.038621,1.86766
60150,0.039346,1.86792
60200,0.039588,1.87136
60250,0.039648,1.87537
60300,0.038711,1.87633
60350,0.039498,1.88761
60400,0.039357,1.88049
60450,0.039574,1.89475
60500,0.039067,1.89585
60550,0.06003,1.89947
60600,0.039849,1.91376
60650,0.039719,1.8969
60700,0.03998,1.91036
60750,0.039209,1.91059
60800,0.039372,1.90833
60850,0.039168,1.91328
60900,0.040139,1.91421
60950,0.040065,1.92095
61000,0.039868,1.93476
61050,0.039492,1.9263
61100,0.039934,1.92876
61150,0.04001,1.93336
61200,0.039981,1.93272
61250,0.040518,1.94721
61300,0.039388,1.9435
61350,0.039995,1.94924
61400,0.040456,1.94311
61450,0.040422,1.94724
61500,0.040911,1.9542
61550,0.04008,1.95864
61600,0.04064,1.96077
61650,0.040988,1.96029
61700,0.040584,1.96613
61750,0.040444,1.97293
61800,0.03991,1.97933
61850,0.04037,1.97906
61900,0.040459,1.98195
61950,0.040635,1.97993
62000,0.039991,1.98155
62050,0.040345,1.99324
62100,0.040255,1.99102
62150,0.040056,2.01492
62200,0.040479,2.00399
62250,0.040045,2.00378
62300,0.040547,2.01382
62350,0.04051,2.01253
62400,0.040808,2.01986
62450,0.040712,2.01684
62500,0.040667,2.01116
62550,0.040784,2.00339
62600,0.041345,2.03191
62650,0.040554,2.02716
62700,0.040541,2.0366
62750,0.040667,2.03835
62800,0.040531,2.03941
62850,0.041386,2.03734
62900,0.040906,2.0495
62950,0.040621,2.04753
63000,0.040899,2.05537
63050,0.041131,2.05276
63100,0.041713,2.06881
63150,0.041272,2.06895
63200,0.041561,2.0734
63250,0.040933,2.06898
63300,0.04139,2.06894
63350,0.040742,2.08465
63400,0.041516,2.06698
63450,0.041856,2.07684
63500,0.041343,2.08728
63550,0.041574,2.09547
63600,0.041632,2.09781
63650,0.04082,2.09597
63700,0.041182,2.10912
63750,0.041897,2.10609
63800,0.041436,2.10835
63850,0.041841,2.11
63900,0.041671,2.11687
63950,0.041325,2.10864
64000,0.041283,2.12053
64050,0.041856,2.12354
64100,0.041477,2.11849
64150,0.041573,2.13023
64200,0.041458,2.13034
64250,0.041676,2.13823
64300,0.042059,2.12946
64350,0.042116,2.13197
64400,0.042071,2.13933
64450,0.041604,2.14798
64500,0.04212,2.15856
64550,0.04168,2.14412
64600,0.042536,2.16297
64650,0.042005,2.1584
64700,0.041638,2.16064
64750,0.041524,2.16575
64800,0.041995,2.16472
64850,0.042009,2.17376
64900,0.041783,2.17459
64950,0.042505,2.1889
65000,0.042017,2.17994
65050,0.041966,2.19763
65100,0.041994,2.19137
65150,0.042306,2.19554
65200,0.04201,2.19853
65250,0.042762,2.20375
65300,0.042294,2.20986
65350,0.042362,2.21482
65400,0.043015,2.21236
65450,0.042169,2.22313
65500,0.042617,2.2183
65550,0.042353,2.20882
65600,0.042357,2.21993
65650,0.04293,2.22952
65700,0.042143,2.23261
65750,0.042205,2.22873
65800,0.042862,2.24019
65850,0.042784,2.2348
65900,0.042611,2.24612
65950,0.042708,2.24235
66000,0.043664,2.25275
66050,0.042707,2.24323
66100,0.043049,2.26652
66150,0.042615,2.27153
66200,0.042485,2.2603
66250,0.044007,2.27967
66300,0.042793,2.26192
66350,0.042967,2.27324
66400,0.064207,2.29427
66450,0.044251,2.27933
66500,0.043344,2.29433
66550,0.043518,2.29126
66600,0.043425,2.28624
66650,0.044047,2.29919
66700,0.04319,2.30318
66750,0.044139,2.30059
66800,0.043162,2.30996
66850,0.043391,2.30338
66900,0.043111,2.30079
66950,0.044269,2.3145
67000,0.044201,2.31682
67050,0.043873,2.32203
67100,0.043666,2.32427
67150,0.044242,2.3277
67200,0.044488,2.3267
67250,0.044123,2.33681
67300,0.044185,2.3523
67350,0.044002,2.34764
67400,0.0446,2.34736
67450,0.044364,2.3614
67500,0.043876,2.34974
67550,0.045058,2.36627
67600,0.04437,2.35416
67650,0.044604,2.36975
67700,0.044309,2.37037
67750,0.044539,2.38085
67800,0.044777,2.38106
67850,0.044632,2.39606
67900,0.04423,2.39439
67950,0.044094,2.38472
68000,0.044458,2.39426
68050,0.045187,2.39296
68100,0.045464,2.39991
68150,0.043945,2.39942
68200,0.044525,2.40009
68250,0.044834,2.41747
68300,0.045241,2.40797
68350,0.044679,2.41386
68400,0.045458,2.41221
68450,0.044556,2.42049
68500,0.045222,2.41721
68550,0.044332,2.42279
68600,0.045741,2.42439
68650,0.044922,2.44338
68700,0.044756,2.44363
68750,0.044536,2.46262
68800,0.044427,2.44156
68850,0.045921,2.45497
68900,0.045353,2.45783
68950,0.045189,2.45801
69000,0.045681,2.4607
69050,0.045079,2.47239
69100,0.04538,2.45898
69150,0.046026,2.47834
69200,0.04607,2.48485
69250,0.045475,2.47904
69300,0.046157,2.48142
69350,0.044962,2.49146
69400,0.045792,2.49138
69450,0.045073,2.48661
69500,0.045404,2.48481
69550,0.045604,2.50349
69600,0.045755,2.50797
69650,0.045711,2.49701
69700,0.04564,2.57319
69750,0.046841,2.52197
69800,0.046692,2.52547
69850,0.045842,2.51498
69900,0.046159,2.53132
69950,0.045658,2.53265
70000,0.045526,2.53319
70050,0.045633,2.52925
70100,0.04643,2.54283
70150,0.047062,2.54125
70200,0.046492,2.54699
70250,0.04595,2.56044
70300,0.045997,2.55425
70350,0.046285,2.56953
70400,0.046354,2.55714
70450,0.04637,2.5652
70500,0.046539,2.56922
70550,0.046879,2.57465
70600,0.046689,2.57237
70650,0.046534,2.58882
70700,0.046328,2.59217
70750,0.046277,2.59504
70800,0.047199,2.59486
70850,0.046752,2.595
70900,0.046599,2.59352
70950,0.04691,2.60217
71000,0.046859,2.5964
71050,0.046781,2.61049
71100,0.047002,2.61365
71150,0.046705,2.62031
71200,0.047457,2.61174
71250,0.047203,2.63055
71300,0.047576,2.64004
71350,0.047255,2.62541
71400,0.046661,2.62996
71450,0.046719,2.63695
71500,0.047918,2.6363
71550,0.047497,2.64719
71600,0.048207,2.64986
71650,0.047862,2.65246
71700,0.046978,2.65747
71750,0.047181,2.65891
71800,0.047251,2.65992
71850,0.047493,2.66429
71900,0.047537,2.66905
71950,0.047654,2.67768
72000,0.047536,2.68416
72050,0.047715,2.6796
72100,0.047637,2.68243
72150,0.047758,2.68657
72200,0.04759,2.69132
72250,0.047876,2.68911
72300,0.047653,2.70573
72350,0.048173,2.69276
72400,0.048391,2.72139
72450,0.047722,2.7058
72500,0.048376,2.71326
72550,0.048419,2.72066
72600,0.048096,2.73043
72650,0.048108,2.71969
72700,0.04778,2.73604
72750,0.069133,2.7422
72800,0.04754,2.73976
72850,0.048398,2.74614
72900,0.048777,2.73022
72950,0.048093,2.76009
73000,0.048215,2.74958
73050,0.047745,2.75966
73100,0.048556,2.77684
73150,0.048887,2.76477
73200,0.048487,2.77422
73250,0.048179,2.78481
73300,0.048613,2.77188
73350,0.048391,2.781
73400,0.048405,2.79318
73450,0.048402,2.80175
73500,0.048319,2.81292
73550,0.048644,2.80358
73600,0.048882,2.80262
73650,0.048235,2.81021
73700,0.048458,2.82055
73750,0.049065,2.80977
73800,0.048378,2.81925
73850,0.048229,2.80672
73900,0.048852,2.82461
73950,0.04897,2.82539
74000,0.049058,2.81661
74050,0.048917,2.82984
74100,0.048978,2.83189
74150,0.048795,2.82369
74200,0.048688,2.85321
74250,0.049157,2.84662
74300,0.049323,2.87006
74350,0.049626,2.85775
74400,0.049011,2.86357
74450,0.048817,2.85255
74500,0.049479,2.85839
74550,0.049207,2.87549
74600,0.049526,2.85929
74650,0.04978,2.88839
74700,0.049213,2.90014
74750,0.050667,2.90429
74800,0.049488,2.89604
74850,0.049662,2.89873
74900,0.049065,2.91181
74950,0.049324,2.90394
75000,0.049769,2.91205
75050,0.049504,2.9092
75100,0.050187,2.90341
75150,0.050756,2.91505
75200,0.050394,2.91659
75250,0.049527,2.9289
75300,0.050451,2.9295
75350,0.050192,2.93695
75400,0.04957,2.94414
75450,0.050128,2.92267
75500,0.050416,2.9515
75550,0.050051,2.96578
75600,0.049408,2.9644
75650,0.049741,2.96445
75700,0.050193,2.95282
75750,0.049721,2.96527
75800,0.049812,2.96972
75850,0.050623,2.9786
75900,0.04953,2.97074
75950,0.050051,2.97555
76000,0.051017,2.9891
76050,0.050313,2.99052
76100,0.050981,3.00104
76150,0.050441,2.99274
76200,0.050839,2.99933
76250,0.051069,2.99682
76300,0.050053,3.02368
76350,0.050599,3.01852
76400,0.051353,3.01994
76450,0.050959,3.01751
76500,0.05101,3.01308
76550,0.050939,3.03505
76600,0.050955,3.04371
76650,0.050425,3.03304
76700,0.050454,3.048
76750,0.050687,3.05553
76800,0.050566,3.03976
76850,0.051072,3.04535
76900,0.050733,3.05365
76950,0.050713,3.05587
77000,0.05054,3.06276
77050,0.051557,3.06284
77100,0.050777,3.0689
77150,0.050583,3.09467
77200,0.051171,3.08614
77250,0.051532,3.08349
77300,0.050696,3.10656
77350,0.051327,3.10078
77400,0.050696,3.10392
77450,0.051271,3.09301
77500,0.051678,3.10557
77550,0.051475,3.12222
77600,0.051307,3.10638
77650,0.05097,3.10765
77700,0.051203,3.12833
77750,0.051374,3.13044
77800,0.051274,3.12339
77850,0.052158,3.13052
77900,0.051811,3.14733
77950,0.052241,3.13673
78000,0.0545,3.13524
78050,0.0514,3.14843
78100,0.074186,3.14692
78150,0.051621,3.16347
78200,0.052106,3.18226
78250,0.051843,3.16916
78300,0.052161,3.18062
78350,0.052387,3.17634
78400,0.052096,3.19393
78450,0.051975,3.19512
78500,0.052372,3.17542
78550,0.052979,3.20316
78600,0.052032,3.19792
78650,0.051931,3.19936
78700,0.0524,3.20746
78750,0.051955,3.21363
78800,0.052176,3.20898
78850,0.05203,3.21139
78900,0.053562,3.21206
78950,0.052732,3.2213
79000,0.051863,3.21797
79050,0.053067,3.23135
79100,0.052692,3.24338
79150,0.05265,3.25787
79200,0.05284,3.23585
79250,0.051827,3.24113
79300,0.052924,3.24439
79350,0.052334,3.26349
79400,0.053001,3.27204
79450,0.052896,3.28212
79500,0.05491,3.26568
79550,0.053508,3.33918
79600,0.053599,3.2771
79650,0.052772,3.28578
79700,0.05313,3.29212
79750,0.052489,3.29903
79800,0.053057,3.29091
79850,0.05299,3.30176
79900,0.052801,3.31161
79950,0.05359,3.30612
80000,0.052425,3.31944
80050,0.053107,3.31604
80100,0.052444,3.31564
80150,0.053079,3.32489
80200,0.05249,3.32363
80250,0.05284,3.33785
80300,0.0532,3.33934
80350,0.053002,3.34809
80400,0.05359,3.34206
80450,0.053555,3.35779
80500,0.053694,3.34881
80550,0.053285,3.35414
80600,0.052925,3.36893
80650,0.05362,3.3652
80700,0.053941,3.3588
80750,0.053284,3.37496
80800,0.053678,3.38779
80850,0.053382,3.37968
80900,0.053601,3.41518
80950,0.053356,3.37643
81000,0.054027,3.39854
81050,0.053373,3.39096
81100,0.053769,3.40188
81150,0.05388,3.41264
81200,0.054298,3.40476
81250,0.053485,3.42027
81300,0.053624,3.42129
81350,0.053389,3.43105
81400,0.053534,3.42656
81450,0.054597,3.43633
81500,0.054358,3.4346
81550,0.054705,3.44621
81600,0.054514,3.43673
81650,0.053477,3.45524
81700,0.054035,3.45261
81750,0.054398,3.44838
81800,0.054626,3.46319
81850,0.054032,3.46814
81900,0.054162,3.4684
81950,0.053944,3.48924
82000,0.05432,3.48059
82050,0.05482,3.4745
82100,0.054637,3.49262
82150,0.054041,3.5053
82200,0.053826,3.49627
82250,0.055152,3.51003
82300,0.054077,3.5
82350,0.054151,3.49983
82400,0.055207,3.51969
82450,0.054586,3.51144
82500,0.054306,3.51537
82550,0.054705,3.52822
82600,0.054902,3.54873
82650,0.054523,3.52698
82700,0.054668,3.53441
82750,0.054952,3.53611
82800,0.054634,3.57542
82850,0.055563,3.67747
82900,0.055385,3.56749
82950,0.055686,3.57402
83000,0.054772,3.57596
83050,0.05486,3.5668
83100,0.055059,3.56177
83150,0.055014,3.57974
83200,0.055022,3.56513
83250,0.054873,3.58847
83300,0.055345,3.58157
83350,0.055036,3.58308
83400,0.055647,3.60213
83450,0.055348,3.60144
83500,0.055496,3.60694
83550,0.055306,3.61513
83600,0.055238,3.61173
83650,0.055573,3.6428
83700,0.055018,3.63282
83750,0.055916,3.6231
83800,0.055767,3.64727
83850,0.055604,3.64432
83900,0.05522,3.63091
83950,0.056309,3.63378
84000,0.05554,3.63948
84050,0.055228,3.6377
84100,0.055858,3.65804
84150,0.056,3.67387
84200,0.055805,3.66242
84250,0.055479,3.68145
84300,0.057333,3.68677
84350,0.055802,3.6855
84400,0.056223,3.68079
84450,0.056255,3.6834
84500,0.055898,3.68642
84550,0.056175,3.70357
84600,0.056043,3.70655
84650,0.056734,3.71644
84700,0.05693,3.7253
84750,0.056616,3.71623
84800,0.056051,3.79596
84850,0.056334,3.72713
84900,0.056238,3.74049
84950,0.056,3.72305
85000,0.056067,3.74595
85050,0.056519,3.74635
85100,0.056046,3.7239
85150,0.056665,3.7441
85200,0.056161,3.74282
85250,0.056047,3.76952
85300,0.057213,3.77364
85350,0.056775,3.7651
85400,0.056527,3.77015
85450,0.056629,3.7902
85500,0.057288,3.77751
85550,0.056128,3.80723
85600,0.056895,3.78726
85650,0.0576,3.77682
85700,0.056998,3.80067
85750,0.056562,3.79898
85800,0.05693,3.80949
85850,0.056722,3.82546
85900,0.057169,3.80668
85950,0.057593,3.83193
86000,0.057068,3.81993
86050,0.057321,3.83085
86100,0.057063,3.85189
86150,0.057719,3.82463
86200,0.057088,3.83254
86250,0.057687,3.85611
86300,0.058386,3.86001
86350,0.057789,3.84142
86400,0.057218,3.85381
86450,0.05685,3.85494
86500,0.057463,3.87808
86550,0.057267,3.86803
86600,0.058017,3.90551
86650,0.058328,3.87655
86700,0.057688,3.88116
86750,0.058284,3.91398
86800,0.057202,3.90967
86850,0.058089,3.90739
86900,0.058226,3.89314
86950,0.058284,3.91374
87000,0.057686,3.91805
87050,0.058623,3.94717
87100,0.05826,3.91717
87150,0.058476,3.93561
87200,0.058131,3.93713
87250,0.058431,3.93283
87300,0.058604,3.94547
87350,0.058086,3.96063
87400,0.058854,3.93651
87450,0.05793,3.97444
87500,0.057522,3.95241
87550,0.058835,3.96678
87600,0.058844,3.96739
87650,0.058706,3.96519
87700,0.058598,3.98835
87750,0.057973,3.95912
87800,0.078269,4.01007
87850,0.058897,4.00169
87900,0.057761,3.97505
87950,0.058579,3.99463
88000,0.058836,4.00202
88050,0.058827,4.00884
88100,0.058691,4.03654
88150,0.05835,4.0061
88200,0.058813,4.02848
88250,0.058872,4.02912
88300,0.058066,4.02183
88350,0.059514,4.0389
88400,0.05853,4.03143
88450,0.059696,4.03224
88500,0.0585,4.0415
88550,0.058048,4.06977
88600,0.05971,4.06668
88650,0.058369,4.06161
88700,0.058697,4.06927
88750,0.059132,4.09578
88800,0.058861,4.08625
88850,0.05939,4.08856
88900,0.058319,4.14716
88950,0.05875,4.08476
89000,0.059428,4.11245
89050,0.058775,4.0967
89100,0.059111,4.12935
89150,0.05973,4.1057
89200,0.059217,4.10346
89250,0.059691,4.11357
89300,0.060672,4.13168
89350,0.059865,4.11897
89400,0.059385,4.12198
89450,0.059401,4.14748
89500,0.060311,4.13641
89550,0.059533,4.15653
89600,0.059711,4.13428
89650,0.059999,4.15897
89700,0.059338,4.1728
89750,0.060645,4.16117
89800,0.059992,4.15966
89850,0.058988,4.1655
89900,0.059791,4.18628
89950,0.059562,4.18428
90000,0.059521,4.21301
90050,0.059909,4.1936
90100,0.060787,4.19526
90150,0.06051,4.19968
90200,0.060483,4.21197
90250,0.06074,4.20716
90300,0.060803,4.19926
90350,0.060276,4.23119
90400,0.060583,4.26118
90450,0.059628,4.25459
90500,0.05993,4.24693
90550,0.05999,4.24856
90600,0.059811,4.23726
90650,0.060242,4.23628
90700,0.060502,4.27549
90750,0.060764,4.25279
90800,0.059947,4.26569
90850,0.060915,4.26894
90900,0.060177,4.28718
90950,0.060686,4.30487
91000,0.059921,4.28678
91050,0.061608,4.28043
91100,0.061665,4.28715
91150,0.060709,4.29642
91200,0.061135,4.30554
91250,0.061089,4.30663
91300,0.06081,4.30931
91350,0.060248,4.30528
91400,0.060618,4.31995
91450,0.061165,4.31741
91500,0.060816,4.30604
91550,0.060817,4.33387
91600,0.060985,4.35438
91650,0.061265,4.35421
91700,0.061331,4.34726
91750,0.061258,4.35133
91800,0.06092,4.35725
91850,0.060547,4.37894
91900,0.060512,4.36894
91950,0.061448,4.36211
92000,0.061887,4.38077
92050,0.061091,4.39351
92100,0.060824,4.36788
92150,0.061148,4.40092
92200,0.061151,4.39621
92250,0.061067,4.396
92300,0.060692,4.42458
92350,0.062102,4.41181
92400,0.061381,4.42912
92450,0.061712,4.40966
92500,0.062307,4.41946
92550,0.0614,4.42951
92600,0.06226,4.42539
92650,0.061403,4.43919
92700,0.061862,4.4264
92750,0.062474,4.44378
92800,0.062907,4.4668
92850,0.061204,4.46789
92900,0.06193,4.46552
92950,0.062882,4.48289
93000,0.062359,4.47191
93050,0.062041,4.48188
93100,0.062144,4.48292
93150,0.062436,4.49439
93200,0.061647,4.50428
93250,0.061403,4.51129
93300,0.061653,4.48841
93350,0.061774,4.514
93400,0.061557,4.51569
93450,0.061526,4.53575
93500,0.06246,4.53299
93550,0.062462,4.53196
93600,0.081172,4.52659
93650,0.062806,4.54469
93700,0.0624,4.53521
93750,0.062517,4.55968
93800,0.062996,4.5654
93850,0.06236,4.56857
93900,0.063091,4.55873
93950,0.062802,4.55387
94000,0.063275,4.57973
94050,0.06185,4.57503
94100,0.062459,4.59646
94150,0.063573,4.58201
94200,0.062776,4.58575
94250,0.063012,4.58621
94300,0.063534,4.6134
94350,0.062995,4.62379
94400,0.062837,4.60445
94450,0.062726,4.61888
94500,0.063663,4.61038
94550,0.06235,4.63286
94600,0.062752,4.61616
94650,0.063721,4.63964
94700,0.062768,4.64054
94750,0.062865,4.66547
94800,0.062597,4.65608
94850,0.063352,4.6563
94900,0.063384,4.66378
94950,0.063929,4.66937
95000,0.063554,4.64967
95050,0.063677,4.66012
95100,0.06333,4.67094
95150,0.063235,4.68713
95200,0.063293,4.72363
95250,0.063293,4.76744
95300,0.063079,4.71711
95350,0.063229,4.70711
95400,0.062567,4.71068
95450,0.063781,4.72969
95500,0.06356,4.7248
95550,0.063496,4.73881
95600,0.06331,4.70759
95650,0.063833,4.7504
95700,0.063547,4.75096
95750,0.063878,4.74119
95800,0.063767,4.74673
95850,0.063102,4.74967
95900,0.063633,4.76854
95950,0.063753,4.7595
96000,0.063609,4.77507
96050,0.063679,4.7663
96100,0.063659,4.76616
96150,0.063622,4.80062
96200,0.064337,4.78967
96250,0.064023,4.7976
96300,0.064454,4.80302
96350,0.064058,4.80197
96400,0.063294,4.78842
96450,0.064344,4.79493
96500,0.06388,4.82242
96550,0.064582,4.83243
96600,0.06395,4.84262
96650,0.064089,4.83231
96700,0.064919,4.84267
96750,0.064857,4.85858
96800,0.064108,4.85108
96850,0.06372,4.83308
96900,0.063957,4.87025
96950,0.064082,4.86532
97000,0.063952,4.88622
97050,0.065412,4.87096
97100,0.064381,4.89594
97150,0.06439,4.89691
97200,0.064648,4.89543
97250,0.064951,4.88076
97300,0.064366,4.90669
97350,0.064887,4.89874
97400,0.064977,4.93814
97450,0.064544,4.92635
97500,0.065853,4.92037
97550,0.064885,4.93628
97600,0.064976,4.92985
97650,0.065176,4.99862
97700,0.064852,4.94487
97750,0.064605,4.95938
97800,0.065261,4.94178
97850,0.064378,4.93563
97900,0.064755,4.9583
97950,0.065523,4.98032
98000,0.064934,5.00132
98050,0.064854,4.98004
98100,0.065206,4.96535
98150,0.064883,4.98526
98200,0.064802,4.99226
98250,0.065147,4.99355
98300,0.066023,4.99849
98350,0.064843,4.99337
98400,0.066107,5.00302
98450,0.065285,5.02975
98500,0.087222,5.02232
98550,0.065373,5.04949
98600,0.065234,5.04895
98650,0.06568,5.03546
98700,0.065749,5.02922
98750,0.064873,5.05104
98800,0.066828,5.03538
98850,0.064893,5.03418
98900,0.065532,5.06043
98950,0.065714,5.06807
99000,0.065714,5.07284
99050,0.065873,5.06187
99100,0.06653,5.08852
99150,0.065012,5.08966
99200,0.066186,5.10395
99250,0.066415,5.08521
99300,0.06559,5.0949
99350,0.066571,5.08857
99400,0.065846,5.11519
99450,0.066776,5.08808
99500,0.066246,5.11815
99550,0.066785,5.12262
99600,0.066093,5.12169
99650,0.065859,5.13205
99700,0.066521,5.14842
99750,0.066632,5.15416
99800,0.066525,5.16494
99850,0.066396,5.18372
99900,0.066896,5.1659
99950,0.066876,5.1597
100000,0.066628,5.20886
